name,content,img_url,category
flying sex snakes,flying sex snakes,,nsfw - Cards Against Humanity
Michelle Obama's arms,Michelle Obama's arms,,nsfw - Cards Against Humanity
tasteful sideboob,tasteful sideboob,,nsfw - Cards Against Humanity
a dissapointing birthday party,a dissapointing birthday party,,nsfw - Cards Against Humanity
YOU MUST CONSTRUCT ADDITIONAL PYLONS,YOU MUST CONSTRUCT ADDITIONAL PYLONS,,nsfw - Cards Against Humanity
Morgan Freeman's voice,Morgan Freeman's voice,,nsfw - Cards Against Humanity
Jewish fraternities,Jewish fraternities,,nsfw - Cards Against Humanity
scalping,scalping,,nsfw - Cards Against Humanity
object permanence,object permanence,,nsfw - Cards Against Humanity
uppercuts,uppercuts,,nsfw - Cards Against Humanity
swooping,swooping,,nsfw - Cards Against Humanity
fear itself,fear itself,,nsfw - Cards Against Humanity
boogers,boogers,,nsfw - Cards Against Humanity
teching a robot to love,teaching a robot to love,,nsfw - Cards Against Humanity
fear itself,fear itself,,nsfw - Cards Against Humanity